
{
  "header": {
    "reportVersion": 1,
    "event": "Allocation failed - JavaScript heap out of memory",
    "trigger": "FatalError",
    "filename": "report.20221006.203220.1760.0.001.json",
    "dumpEventTime": "2022-10-06T20:32:20Z",
    "dumpEventTimeStamp": "1665113540216",
    "processId": 1760,
    "cwd": "D:\\DwnlData\\Hoan",
    "commandLine": [
      "node",
      "oh.js",
      "https://pps.agu.edu.vn",
      "800"
    ],
    "nodejsVersion": "v13.8.0",
    "wordSize": 32,
    "arch": "ia32",
    "platform": "win32",
    "componentVersions": {
      "node": "13.8.0",
      "v8": "7.9.317.25-node.28",
      "uv": "1.34.1",
      "zlib": "1.2.11",
      "brotli": "1.0.7",
      "ares": "1.15.0",
      "modules": "79",
      "nghttp2": "1.40.0",
      "napi": "5",
      "llhttp": "2.0.4",
      "openssl": "1.1.1d",
      "cldr": "36.0",
      "icu": "65.1",
      "tz": "2019c",
      "unicode": "12.1"
    },
    "release": {
      "name": "node",
      "headersUrl": "https://nodejs.org/download/release/v13.8.0/node-v13.8.0-headers.tar.gz",
      "sourceUrl": "https://nodejs.org/download/release/v13.8.0/node-v13.8.0.tar.gz",
      "libUrl": "https://nodejs.org/download/release/v13.8.0/win-x86/node.lib"
    },
    "osName": "Windows_NT",
    "osRelease": "6.2.9200",
    "osVersion": "Windows 8 Pro",
    "osMachine": "i686",
    "cpus": [
      {
        "model": "Intel(R) Core(TM) i3-3240 CPU @ 3.40GHz",
        "speed": 3392,
        "user": 1253328,
        "nice": 0,
        "sys": 396046,
        "idle": 7297359,
        "irq": 19203
      },
      {
        "model": "Intel(R) Core(TM) i3-3240 CPU @ 3.40GHz",
        "speed": 3392,
        "user": 1296515,
        "nice": 0,
        "sys": 364843,
        "idle": 7285234,
        "irq": 6406
      },
      {
        "model": "Intel(R) Core(TM) i3-3240 CPU @ 3.40GHz",
        "speed": 3392,
        "user": 1270687,
        "nice": 0,
        "sys": 364406,
        "idle": 7311500,
        "irq": 23156
      },
      {
        "model": "Intel(R) Core(TM) i3-3240 CPU @ 3.40GHz",
        "speed": 3392,
        "user": 1255234,
        "nice": 0,
        "sys": 325078,
        "idle": 7366281,
        "irq": 5328
      }
    ],
    "networkInterfaces": [
      {
        "name": "Ethernet 2",
        "internal": false,
        "mac": "00:01:2e:55:60:cd",
        "address": "2402:800:61c3:95c::3",
        "netmask": "ffff:ffff:ffff:ffff:ffff:ffff:ffff:ffff",
        "family": "IPv6",
        "scopeid": 0
      },
      {
        "name": "Ethernet 2",
        "internal": false,
        "mac": "00:01:2e:55:60:cd",
        "address": "2402:800:61c3:95c:e530:e880:d344:d892",
        "netmask": "ffff:ffff:ffff:ffff::",
        "family": "IPv6",
        "scopeid": 0
      },
      {
        "name": "Ethernet 2",
        "internal": false,
        "mac": "00:01:2e:55:60:cd",
        "address": "2402:800:61c3:95c:99ba:ea4:4b42:5313",
        "netmask": "ffff:ffff:ffff:ffff:ffff:ffff:ffff:ffff",
        "family": "IPv6",
        "scopeid": 0
      },
      {
        "name": "Ethernet 2",
        "internal": false,
        "mac": "00:01:2e:55:60:cd",
        "address": "fe80::e530:e880:d344:d892",
        "netmask": "ffff:ffff:ffff:ffff::",
        "family": "IPv6",
        "scopeid": 15
      },
      {
        "name": "Ethernet 2",
        "internal": false,
        "mac": "00:01:2e:55:60:cd",
        "address": "192.168.1.149",
        "netmask": "255.255.255.0",
        "family": "IPv4"
      },
      {
        "name": "Loopback Pseudo-Interface 1",
        "internal": true,
        "mac": "00:00:00:00:00:00",
        "address": "::1",
        "netmask": "ffff:ffff:ffff:ffff:ffff:ffff:ffff:ffff",
        "family": "IPv6",
        "scopeid": 0
      },
      {
        "name": "Loopback Pseudo-Interface 1",
        "internal": true,
        "mac": "00:00:00:00:00:00",
        "address": "127.0.0.1",
        "netmask": "255.0.0.0",
        "family": "IPv4"
      },
      {
        "name": "Teredo Tunneling Pseudo-Interface",
        "internal": false,
        "mac": "00:00:00:00:00:00",
        "address": "2001:0:7deb:43b:34f4:3304:3f57:fe6a",
        "netmask": "ffff:ffff:ffff:ffff::",
        "family": "IPv6",
        "scopeid": 0
      },
      {
        "name": "Teredo Tunneling Pseudo-Interface",
        "internal": false,
        "mac": "00:00:00:00:00:00",
        "address": "fe80::34f4:3304:3f57:fe6a",
        "netmask": "ffff:ffff:ffff:ffff::",
        "family": "IPv6",
        "scopeid": 14
      }
    ],
    "host": "Tommy_Phan"
  },
  "javascriptStack": {
    "message": "No stack.",
    "stack": [
      "Unavailable."
    ]
  },
  "nativeStack": [
    {
      "pc": "0x0396dd00",
      "symbol": ""
    }
  ],
  "javascriptHeap": {
    "totalMemory": 615161856,
    "totalCommittedMemory": 615161856,
    "usedMemory": 602362520,
    "availableMemory": 330402532,
    "memoryLimit": 940572672,
    "heapSpaces": {
      "read_only_space": {
        "memorySize": 262144,
        "committedMemory": 262144,
        "capacity": 22804,
        "used": 22804,
        "available": 0
      },
      "new_space": {
        "memorySize": 4194304,
        "committedMemory": 4194304,
        "capacity": 2096000,
        "used": 26632,
        "available": 2069368
      },
      "old_space": {
        "memorySize": 605908992,
        "committedMemory": 605908992,
        "capacity": 598322404,
        "used": 598282488,
        "available": 39916
      },
      "code_space": {
        "memorySize": 954368,
        "committedMemory": 954368,
        "capacity": 565408,
        "used": 565408,
        "available": 0
      },
      "map_space": {
        "memorySize": 528384,
        "committedMemory": 528384,
        "capacity": 235560,
        "used": 235560,
        "available": 0
      },
      "large_object_space": {
        "memorySize": 3264512,
        "committedMemory": 3264512,
        "capacity": 3227900,
        "used": 3227900,
        "available": 0
      },
      "code_large_object_space": {
        "memorySize": 49152,
        "committedMemory": 49152,
        "capacity": 1728,
        "used": 1728,
        "available": 0
      },
      "new_large_object_space": {
        "memorySize": 0,
        "committedMemory": 0,
        "capacity": 2096000,
        "used": 0,
        "available": 2096000
      }
    }
  },
  "resourceUsage": {
    "userCpuSeconds": 520.937,
    "kernelCpuSeconds": 325.187,
    "cpuConsumptionPercent": 111.332,
    "maxRss": 1229082624,
    "pageFaults": {
      "IORequired": 1277542,
      "IONotRequired": 0
    },
    "fsActivity": {
      "reads": 468,
      "writes": 2521
    }
  },
  "libuv": [
  ],
  "environmentVariables": {
    "=D:": "D:\\DwnlData\\Hoan",
    "ALLUSERSPROFILE": "C:\\ProgramData",
    "APPDATA": "C:\\Users\\Win 8 32bit VS7\\AppData\\Roaming",
    "CommonProgramFiles": "C:\\Program Files\\Common Files",
    "COMPUTERNAME": "TOMMY_PHAN",
    "ComSpec": "C:\\Windows\\system32\\cmd.exe",
    "FP_NO_HOST_CHECK": "NO",
    "GOPATH": "C:\\Users\\Win 8 32bit VS7\\go",
    "HOMEDRIVE": "C:",
    "HOMEPATH": "\\Users\\Win 8 32bit VS7",
    "LOCALAPPDATA": "C:\\Users\\Win 8 32bit VS7\\AppData\\Local",
    "LOGONSERVER": "\\\\TOMMY_PHAN",
    "NUMBER_OF_PROCESSORS": "4",
    "OS": "Windows_NT",
    "Path": "C:\\Windows\\system32;C:\\Windows;C:\\Windows\\System32\\Wbem;C:\\Windows\\System32\\WindowsPowerShell\\v1.0\\;C:\\Program Files\\PuTTY\\;C:\\Program Files\\Go\\bin;C:\\FPC\\3.2.2\\bin\\i386-Win32;C:\\Program Files\\nodejs\\;C:\\Users\\Win 8 32bit VS7\\go\\bin;C:\\Users\\Win 8 32bit VS7\\AppData\\Local\\Programs\\Microsoft VS Code\\bin;C:\\Users\\Win 8 32bit VS7\\AppData\\Roaming\\npm",
    "PATHEXT": ".COM;.EXE;.BAT;.CMD;.VBS;.VBE;.JS;.JSE;.WSF;.WSH;.MSC",
    "PROCESSOR_ARCHITECTURE": "x86",
    "PROCESSOR_IDENTIFIER": "x86 Family 6 Model 58 Stepping 9, GenuineIntel",
    "PROCESSOR_LEVEL": "6",
    "PROCESSOR_REVISION": "3a09",
    "ProgramData": "C:\\ProgramData",
    "ProgramFiles": "C:\\Program Files",
    "PROMPT": "$P$G",
    "PSModulePath": "C:\\Windows\\system32\\WindowsPowerShell\\v1.0\\Modules\\",
    "PUBLIC": "C:\\Users\\Public",
    "SESSIONNAME": "Console",
    "SystemDrive": "C:",
    "SystemRoot": "C:\\Windows",
    "TEMP": "C:\\Users\\WIN832~1\\AppData\\Local\\Temp",
    "TMP": "C:\\Users\\WIN832~1\\AppData\\Local\\Temp",
    "USERDOMAIN": "Tommy_Phan",
    "USERDOMAIN_ROAMINGPROFILE": "Tommy_Phan",
    "USERNAME": "Win 8 32bit VS7",
    "USERPROFILE": "C:\\Users\\Win 8 32bit VS7",
    "windir": "C:\\Windows"
  },
  "sharedObjects": [
    "C:\\Program Files\\nodejs\\node.exe",
    "C:\\Windows\\SYSTEM32\\ntdll.dll",
    "C:\\Windows\\system32\\KERNEL32.DLL",
    "C:\\Program Files\\Avast Software\\Avast\\aswhook.dll",
    "C:\\Windows\\system32\\KERNELBASE.dll",
    "C:\\Windows\\SYSTEM32\\dbghelp.dll",
    "C:\\Windows\\system32\\WS2_32.dll",
    "C:\\Windows\\SYSTEM32\\IPHLPAPI.DLL",
    "C:\\Windows\\system32\\PSAPI.DLL",
    "C:\\Windows\\SYSTEM32\\USERENV.dll",
    "C:\\Windows\\system32\\ADVAPI32.dll",
    "C:\\Windows\\system32\\USER32.dll",
    "C:\\Windows\\system32\\CRYPT32.dll",
    "C:\\Windows\\SYSTEM32\\bcrypt.dll",
    "C:\\Windows\\SYSTEM32\\WINMM.dll",
    "C:\\Windows\\system32\\msvcrt.dll",
    "C:\\Windows\\system32\\RPCRT4.dll",
    "C:\\Windows\\system32\\NSI.dll",
    "C:\\Windows\\SYSTEM32\\WINNSI.DLL",
    "C:\\Windows\\SYSTEM32\\profapi.dll",
    "C:\\Windows\\SYSTEM32\\sechost.dll",
    "C:\\Windows\\system32\\GDI32.dll",
    "C:\\Windows\\system32\\MSASN1.dll",
    "C:\\Windows\\SYSTEM32\\WINMMBASE.dll",
    "C:\\Windows\\system32\\IMM32.DLL",
    "C:\\Windows\\system32\\MSCTF.dll",
    "C:\\Windows\\SYSTEM32\\powrprof.dll",
    "C:\\Windows\\system32\\uxtheme.dll",
    "C:\\Windows\\system32\\mswsock.dll",
    "C:\\Windows\\system32\\bcryptprimitives.dll",
    "C:\\Windows\\SYSTEM32\\dhcpcsvc6.DLL",
    "C:\\Windows\\SYSTEM32\\dhcpcsvc.DLL",
    "C:\\Windows\\system32\\napinsp.dll",
    "C:\\Windows\\system32\\pnrpnsp.dll",
    "C:\\Windows\\system32\\NLAapi.dll",
    "C:\\Windows\\SYSTEM32\\DNSAPI.dll",
    "C:\\Windows\\System32\\winrnr.dll",
    "C:\\Windows\\SYSTEM32\\cryptbase.dll",
    "C:\\Windows\\System32\\rasadhlp.dll",
    "C:\\Windows\\System32\\fwpuclnt.dll"
  ]
}